[
  {
    "mode": "NULLABLE",
    "name": "Serial Number",
    "type": "INTEGER"
  },
  {
    "mode": "NULLABLE",
    "name": "Code",
    "type": "INTEGER"
  },
  {
    "mode": "NULLABLE",
    "name": "Latest Price",
    "type": "FLOAT"
  },
  {
    "mode": "NULLABLE",
    "name": "Change Percentage",
    "type": "FLOAT"
  },
  {
    "mode": "NULLABLE",
    "name": "Change Amount",
    "type": "FLOAT"
  },
  {
    "mode": "NULLABLE",
    "name": "Volume",
    "type": "FLOAT"
  },
  {
    "mode": "NULLABLE",
    "name": "Turnover",
    "type": "FLOAT"
  },
  {
    "mode": "NULLABLE",
    "name": "Amplitude",
    "type": "FLOAT"
  },
  {
    "mode": "NULLABLE",
    "name": "Highest",
    "type": "FLOAT"
  },
  {
    "mode": "NULLABLE",
    "name": "Lowest",
    "type": "FLOAT"
  },
  {
    "mode": "NULLABLE",
    "name": "Open Today",
    "type": "FLOAT"
  },
  {
    "mode": "NULLABLE",
    "name": "Close Yesterday",
    "type": "FLOAT"
  },
  {
    "mode": "NULLABLE",
    "name": "Volume Ratio",
    "type": "FLOAT"
  },
  {
    "mode": "NULLABLE",
    "name": "Turnover Rate",
    "type": "FLOAT"
  },
  {
    "mode": "NULLABLE",
    "name": "PE Ratio",
    "type": "FLOAT"
  },
  {
    "mode": "NULLABLE",
    "name": "PB Ratio",
    "type": "FLOAT"
  },
  {
    "mode": "NULLABLE",
    "name": "Total Market Cap",
    "type": "FLOAT"
  },
  {
    "mode": "NULLABLE",
    "name": "Circulating Market Cap",
    "type": "FLOAT"
  },
  {
    "mode": "NULLABLE",
    "name": "Price Increase Rate",
    "type": "FLOAT"
  },
  {
    "mode": "NULLABLE",
    "name": "5_Minute Change",
    "type": "FLOAT"
  },
  {
    "mode": "NULLABLE",
    "name": "60_Day Change",
    "type": "FLOAT"
  },
  {
    "mode": "NULLABLE",
    "name": "Year_to_Date Change",
    "type": "FLOAT"
  },
  {
    "mode": "NULLABLE",
    "name": "trade_time",
    "type": "TIMESTAMP"
  }
]
